15.15,23.024547338485718,nan,0.14172290591504566,nan,nan,0.16142684401451027,nan,nan,nan,nan,nan,0.0,0.714,0.0,0.0,0.801,0.0,0.0,0.0,0.0,0.0
10.71,23.012736558914185,1.0,0.1011064866511014,nan,1.0,nan,nan,nan,0.4552238805970149,nan,0.0,0.013,0.996,0.0,0.001,0.0,0.0,0.0,0.061,0.0,0.0
11.62,22.988840341567993,nan,0.10181664554288128,nan,nan,nan,nan,nan,0.7777777777777778,nan,0.3652007648183556,0.0,0.964,0.0,0.0,0.0,0.0,0.0,0.007,0.0,0.191
12.0,22.975667238235474,0.5454545454545454,0.10392320534223706,nan,0.2631578947368421,nan,1.0,0.6666666666666666,0.92,0.37209302325581395,0.4473684210526316,0.084,0.996,0.0,0.01,0.0,0.001,0.002,0.023,0.016,0.068
22.68,22.982946395874023,0.43148357870894677,0.2109181141439206,nan,0.16129032258064516,nan,nan,0.6822742474916388,0.9605263157894737,nan,nan,0.381,0.85,0.0,0.76,0.0,0.0,0.204,0.073,0.0,0.0
15.72,22.9497172832489,0.6973684210526315,0.2435747663551402,nan,0.15,nan,0.7195121951219512,0.1227589641434263,0.5,nan,nan,0.106,0.417,0.0,0.003,0.0,0.059,0.986,0.001,0.0,0.0
10.03,22.92417573928833,0.6,0.10005002501250625,nan,nan,nan,nan,nan,nan,nan,nan,0.003,1.0,0.0,0.0,0.0,0.0,0.0,0.0,0.0,0.0
48.88,19.68605637550354,0.3473053892215569,0.5684931506849316,0.373767258382643,0.45604395604395603,0.5353535353535354,0.5257879656160458,0.4613196814562002,0.6352941176470588,0.669260700389105,0.787292817679558,0.812,0.664,0.379,0.249,0.265,0.367,0.811,0.54,0.516,0.285
52.66,19.319879412651062,0.6367980884109916,0.6285444234404537,0.4279475982532751,0.4172077922077922,0.46047008547008544,0.532520325203252,0.4235474006116208,0.6685962373371924,0.6777070063694267,0.5270362765229295,0.533,0.665,0.392,0.257,0.431,0.393,0.831,0.462,0.532,0.77
49.71,19.583107590675354,0.598974358974359,0.8137404580152672,0.32100840336134456,0.3961038961038961,0.38524590163934425,0.43962848297213625,0.41024390243902437,0.46557120500782473,0.6943589743589743,0.7660626029654036,0.584,0.533,0.573,0.183,0.094,0.426,0.841,0.595,0.677,0.465
50.16,19.548328042030334,0.78,0.7036144578313253,0.3295847750865052,0.42354368932038833,0.5101449275362319,0.47444444444444445,0.3576672104404568,0.5488126649076517,0.6743215031315241,0.7197875166002656,0.234,0.584,0.381,0.349,0.352,0.427,0.877,0.624,0.646,0.542
50.27,19.538569569587708,0.6745932415519399,0.40034812880765885,0.3659942363112392,0.4878048780487805,0.6088328075709779,0.5691056910569106,0.5161725067385444,0.49575944487278334,0.8076923076923077,0.5407303370786517,0.539,0.92,0.508,0.24,0.193,0.35,0.766,0.643,0.483,0.385
38.22,20.748876094818115,0.569713758079409,0.7455716586151369,0.39552238805970147,0.3333333333333333,0.3683127572016461,0.590818363273453,0.196608800968914,0.4871099050203528,0.9302949061662198,0.8117647058823529,0.617,0.463,0.318,0.062,0.179,0.296,0.974,0.359,0.347,0.207
43.4,20.23105502128601,0.5600350569675723,0.33888101983002833,0.639344262295082,0.6551724137931034,0.7150537634408602,0.5525876460767947,0.6028622540250447,0.2865932642487047,0.827354260089686,0.5426829268292683,0.639,0.957,0.117,0.057,0.133,0.331,0.674,0.885,0.369,0.178
50.99,19.488871335983276,0.4694006309148265,0.4462972045120157,0.5988372093023255,0.47737909516380655,0.7603686635944701,0.6143790849673203,0.4733115468409586,0.43149516770892554,0.7775061124694377,0.8590604026845637,0.744,0.91,0.206,0.306,0.165,0.376,0.869,0.759,0.636,0.128
49.06,19.679819464683533,0.42039258451472195,0.7146092865232163,0.3840749414519906,0.7066666666666667,0.6339522546419099,0.6658595641646489,0.545201668984701,0.31343830098864883,0.8919753086419753,0.8012422360248447,0.771,0.631,0.492,0.053,0.239,0.275,0.784,0.856,0.289,0.516
59.97,18.573474764823914,0.6477132262051916,0.7078449053201082,0.48439073514602216,0.3973919011667811,0.58683314415437,0.5237341772151899,0.6766355140186916,0.7144563918757467,0.6288478452066842,0.6911627906976744,0.524,0.785,0.481,0.579,0.517,0.331,0.724,0.598,0.715,0.743
60.29,18.55393099784851,0.7089715536105032,0.6406135865595325,0.3812375249500998,0.5506958250497018,0.6163873370577281,0.652317880794702,0.5179233621755254,0.6151711378353376,0.7487684729064039,0.7780373831775701,0.648,0.877,0.573,0.277,0.331,0.394,0.838,0.665,0.76,0.666
57.42,18.823981165885925,0.5543328748280605,0.65244375484872,0.43962848297213625,0.4011299435028249,0.687007874015748,0.503968253968254,0.6326714801444043,0.730817610062893,0.5525925925925926,0.7211538461538461,0.403,0.841,0.568,0.497,0.349,0.381,0.701,0.581,0.746,0.675
56.03,18.977158665657043,0.5697211155378487,0.5702364394993046,0.44154370034052215,0.6245733788395904,0.6810344827586207,0.6933867735470942,0.5510670731707317,0.5638009049773756,0.7312049433573635,0.45152792413066384,0.715,0.82,0.389,0.183,0.237,0.346,0.723,0.623,0.71,0.857
58.14,18.790773630142212,0.5030257186081695,0.5002678093197643,0.4968632371392723,0.4159928122192273,0.7025641025641025,0.6290550070521862,0.828393135725429,0.7161572052401747,0.5715302491103202,0.7891472868217054,0.665,0.934,0.396,0.463,0.411,0.446,0.531,0.656,0.803,0.509
62.13,18.38102960586548,0.6781376518218624,0.8694550063371356,0.5504358655043586,0.4879898862199747,0.6048632218844985,0.5720930232558139,0.65625,0.5607064017660044,0.5755258126195029,0.6964112512124151,0.67,0.686,0.442,0.386,0.398,0.492,0.756,0.762,0.903,0.718
60.58,18.506043195724487,0.6310763888888888,0.6114437791084497,0.43470790378006874,0.5885558583106267,0.7470997679814385,0.6178521617852162,0.45835515976951285,0.665380906460945,0.8208092485549133,0.7602339181286549,0.727,0.919,0.506,0.216,0.322,0.443,0.875,0.69,0.71,0.65
53.39,19.23273515701294,0.574750830564784,0.3464453265968964,0.48132780082987553,0.517948717948718,0.8669950738916257,0.5121739130434783,0.6802935010482181,0.6710353866317169,0.7482447342026078,0.6869158878504673,0.692,0.96,0.464,0.404,0.176,0.589,0.649,0.512,0.746,0.147
60.51,18.538848996162415,0.6713747645951036,0.6548148148148148,0.4337078651685393,0.7142857142857143,0.8353909465020576,0.4657718120805369,0.5014679976512038,0.643756050338819,0.8127753303964758,0.8723051409618574,0.713,0.884,0.579,0.195,0.203,0.694,0.854,0.665,0.738,0.526
50.83,19.488165974617004,0.6871035940803383,0.4841653247450349,0.7738095238095238,0.6796116504854369,0.7061068702290076,0.5603813559322034,0.789873417721519,0.3136072370900867,0.8134642356241234,0.4448648648648649,0.65,0.902,0.13,0.14,0.185,0.529,0.312,0.832,0.58,0.823
61.53,18.45087170600891,0.6367313915857605,0.7473214285714286,0.5230769230769231,0.46724470134874757,0.6544789762340036,0.4861111111111111,0.4548774126238915,0.839527027027027,0.8207762557077626,0.9364548494983278,0.787,0.837,0.408,0.485,0.358,0.63,0.872,0.497,0.719,0.56
62.72,18.30391812324524,0.6644808743169399,0.7373646209386282,0.46678321678321677,0.5313432835820896,0.6740412979351033,0.4761255115961801,0.5742074927953891,0.6252158894645942,0.8381839348079162,0.9136807817589576,0.608,0.817,0.534,0.356,0.457,0.698,0.797,0.724,0.72,0.561
62.63,18.315476775169373,0.6264626462646264,0.7277913610431948,0.4534412955465587,0.4510460251046025,0.7382297551789078,0.6012658227848101,0.7697594501718213,0.49055489964580873,0.8653366583541147,0.9428044280442804,0.696,0.893,0.56,0.539,0.392,0.475,0.672,0.831,0.694,0.511
62.47,18.339686274528503,0.7052280311457174,0.6153846153846154,0.4967948717948718,0.5827586206896552,0.7588652482269503,0.4704030226700252,0.6306729264475743,0.6455696202531646,0.7585170340681363,0.7832512315270936,0.634,0.936,0.465,0.338,0.214,0.747,0.806,0.714,0.757,0.636
63.63,18.227767944335938,0.7360594795539034,0.7925430210325047,0.5572082379862701,0.4234006734006734,0.7399527186761229,0.4468973747016706,0.7769953051643192,0.5613099771515613,0.8342989571263036,0.802713987473904,0.594,0.829,0.487,0.503,0.313,0.749,0.662,0.737,0.72,0.769
61.5,18.441120505332947,0.5920289855072464,0.7221764220939819,0.45166666666666666,0.6705539358600583,0.7480314960629921,0.45274584929757344,0.8324873096446701,0.5609212481426449,0.6360153256704981,0.9414225941422594,0.817,0.876,0.542,0.23,0.285,0.709,0.656,0.755,0.83,0.45
59.63,18.616338968276978,0.6542056074766355,0.8213096559378469,0.32534843205574915,0.4660678642714571,0.8309178743961353,0.48606271777003485,0.8411949685534591,0.6538461538461539,0.7376425855513308,0.8801652892561983,0.7,0.74,0.747,0.467,0.172,0.558,0.535,0.629,0.776,0.639
55.12,19.071542501449585,0.632669983416252,0.6547445255474452,0.44232698094282846,0.45934959349593496,0.7882882882882883,0.28336946423041187,0.8569206842923794,0.6433189655172413,0.9071117561683599,0.925531914893617,0.763,0.897,0.441,0.113,0.175,0.915,0.551,0.597,0.625,0.435
51.57,19.420448303222656,0.5946622185154296,0.8115124153498872,0.34747847478474786,0.5617977528089888,0.9090909090909091,0.3204,0.7114093959731543,0.4229122055674518,0.8813793103448276,0.9726443768996961,0.713,0.719,0.565,0.05,0.03,0.801,0.53,0.79,0.639,0.32
61.83,18.400344133377075,0.6894689468946895,0.6352691218130312,0.5654596100278552,0.4258064516129032,0.6447721179624665,0.7789473684210526,0.8056737588652483,0.600796812749004,0.8630653266331658,0.48325892857142855,0.766,0.897,0.406,0.462,0.481,0.296,0.568,0.754,0.687,0.866
67.54,17.833290815353394,0.6605136436597111,0.8032638259292838,0.3975694444444444,0.6159874608150471,0.7100977198697068,0.6657645466847091,0.7152380952380952,0.7089478859390363,0.8251308900523561,0.8538461538461538,0.823,0.886,0.687,0.393,0.436,0.492,0.751,0.721,0.788,0.777
64.21,18.173968195915222,0.8043478260869565,0.7320419693301049,0.45152158527954706,0.6092184368737475,0.8313253012048193,0.4880636604774536,0.8291770573566085,0.5410169491525424,0.6991005723630417,0.8369942196531792,0.518,0.907,0.638,0.304,0.276,0.736,0.665,0.798,0.855,0.724
66.43,17.953386187553406,0.7810578105781057,0.8294491525423728,0.503960396039604,0.5291319857312723,0.5824372759856631,0.5927051671732523,0.8318122555410691,0.6735074626865671,0.6766370250606305,0.6916735366859027,0.635,0.783,0.509,0.445,0.65,0.585,0.638,0.722,0.837,0.839
65.29,18.062211751937866,0.800771208226221,0.6736370425690814,0.5563298490127758,0.7605042016806722,0.653272101033295,0.5196008553100498,0.754041570438799,0.583941605839416,0.8117770767613038,0.6205593348450491,0.623,0.902,0.479,0.181,0.569,0.729,0.653,0.8,0.772,0.821
58.56,18.72519814968109,0.7416762342135477,0.6102598267821452,0.6214285714285714,0.6324110671936759,0.6327827191867853,0.3087460484720759,0.8352941176470589,0.767052767052767,0.8990291262135922,0.6468155500413565,0.646,0.916,0.348,0.16,0.498,0.879,0.568,0.596,0.463,0.782
65.01,18.094088196754456,0.7340909090909091,0.7056936647955092,0.7231121281464531,0.6265060240963856,0.701095461658842,0.4287228404875464,0.7194312796208531,0.6036866359447005,0.848,0.6769596199524941,0.646,0.88,0.316,0.26,0.448,0.809,0.759,0.786,0.742,0.855
68.74,17.72234070301056,0.8122392211404729,0.8241965973534972,0.5052132701421801,0.558891454965358,0.5723630417007359,0.6237322515212982,0.7650214592274678,0.668141592920354,0.8301075268817204,0.7683923705722071,0.584,0.872,0.533,0.484,0.7,0.615,0.713,0.755,0.772,0.846
64.72,18.119200468063354,0.7688172043010753,0.8102466793168881,0.37350085665334093,0.5317460317460317,0.6211180124223602,0.6067527308838133,0.7343578485181119,0.9245689655172413,0.7235142118863049,0.730188679245283,0.572,0.854,0.654,0.469,0.6,0.611,0.669,0.429,0.84,0.774
68.0,17.79556918144226,0.7140039447731755,0.9232673267326733,0.6076732673267327,0.7241379310344828,0.6893840104849279,0.47014051522248246,0.65143299767622,0.7154471544715447,0.826530612244898,0.6961325966850829,0.724,0.746,0.491,0.273,0.526,0.803,0.841,0.704,0.81,0.882
67.25,17.864473700523376,0.7456140350877193,0.819038642789821,0.5028067361668003,0.7246376811594203,0.695583596214511,0.5804327375352775,0.8326693227091634,0.5234613040828763,0.7598967297762479,0.738544474393531,0.68,0.869,0.627,0.3,0.441,0.617,0.627,0.859,0.883,0.822
68.32,17.75224769115448,0.6024371667936025,0.8617131062951496,0.5228290062667861,0.5106796116504855,0.6420845624385447,0.6971830985915493,0.841025641025641,0.7990012484394506,0.646120377084844,0.8608597285067874,0.791,0.835,0.584,0.526,0.653,0.495,0.656,0.64,0.891,0.761
64.19,18.159664750099182,0.5833333333333334,0.8717948717948718,0.4368723098995696,0.5603053435114503,0.7387914230019493,0.5290423861852434,0.9146067415730337,0.6284062758051198,0.7299396031061259,0.7358326068003488,0.784,0.748,0.609,0.367,0.379,0.674,0.407,0.761,0.846,0.844
70.29,17.561530590057373,0.7140133460438512,0.8265786993402451,0.6314432989690721,0.6330827067669172,0.695078031212485,0.5564516129032258,0.7054735013032146,0.7287784679089027,0.7282051282051282,0.7851239669421488,0.749,0.877,0.49,0.421,0.579,0.69,0.812,0.704,0.852,0.855
69.68,17.622240781784058,0.7494929006085193,0.7992863514719001,0.6186666666666667,0.7089715536105032,0.6456692913385826,0.5053547523427041,0.7215756490599821,0.6447368421052632,0.8924455825864277,0.7975517890772128,0.739,0.896,0.464,0.324,0.656,0.755,0.806,0.784,0.697,0.847
65.94,17.994464874267578,0.6304170073589533,0.9021329987452948,0.5595854922279793,0.6434108527131783,0.6446927374301676,0.766798418972332,0.7634989200863931,0.48235974551764027,0.752414398595259,0.6664110429447853,0.771,0.719,0.54,0.332,0.577,0.388,0.707,0.834,0.857,0.869
66.56,17.93435037136078,0.7004264392324094,0.842170160295931,0.6909090909090909,0.6821561338289963,0.598404255319149,0.6761041902604756,0.6949152542372882,0.6392508143322475,0.7616683217477657,0.5378619153674833,0.657,0.683,0.38,0.367,0.675,0.597,0.779,0.785,0.767,0.966
65.09,18.07702887058258,0.8369028006589786,0.855119825708061,0.5858747993579454,0.6438095238095238,0.5404339250493096,0.6031434184675835,0.6160179640718563,0.5086567164179104,0.7224137931034482,0.7455516014234875,0.508,0.785,0.365,0.338,0.548,0.614,0.823,0.852,0.838,0.838
66.82,17.919114351272583,0.7154850746268657,0.846242774566474,0.6621160409556314,0.5397196261682243,0.7083333333333334,0.5865561694290976,0.58107167710508,0.6365853658536585,0.8876262626262627,0.6403133903133903,0.767,0.732,0.388,0.462,0.476,0.637,0.835,0.783,0.703,0.899
67.66,17.828379273414612,0.7589285714285714,0.8645833333333334,0.526694045174538,0.6223880597014926,0.6989117291414753,0.7486437613019892,0.6834345186470078,0.5035419126328218,0.7984267453294002,0.7014331210191083,0.68,0.83,0.513,0.417,0.578,0.414,0.788,0.853,0.812,0.881
68.96,17.686015367507935,0.6573670444638187,0.7775800711743772,0.7129094412331407,0.5680539932508436,0.6911242603550296,0.6944444444444444,0.7476099426386233,0.647203947368421,0.7401785714285715,0.6621823617339312,0.754,0.874,0.37,0.505,0.584,0.525,0.782,0.787,0.829,0.886
66.78,17.913577795028687,0.570745044429255,0.7463829787234042,0.5677339901477833,0.604261796042618,0.6966145833333334,0.7300319488817891,0.8411458333333334,0.5272842639593909,0.8525852585258525,0.6934189406099518,0.835,0.877,0.461,0.397,0.535,0.457,0.646,0.831,0.775,0.864
68.37,17.755053281784058,0.656441717791411,0.7425986842105263,0.4912974683544304,0.6221837088388215,0.6900584795321637,0.7232375979112271,0.7718550106609808,0.8259773013871374,0.6822716807367614,0.6913687881429816,0.749,0.903,0.621,0.359,0.59,0.554,0.724,0.655,0.889,0.793
68.29,17.758656978607178,0.7094594594594594,0.8220742150333016,0.45382585751978893,0.5452631578947369,0.854320987654321,0.7104136947218259,0.6157779401022644,0.7844243792325056,0.8691695108077361,0.7274233637116818,0.735,0.864,0.688,0.518,0.346,0.498,0.843,0.695,0.764,0.878
65.5,18.031401872634888,0.7009063444108762,0.5025536261491318,0.4924543288324067,0.5763546798029556,0.8157389635316699,0.6770573566084788,0.7492195629552549,0.7381203801478353,0.8138075313807531,0.7800252844500632,0.696,0.984,0.62,0.468,0.425,0.543,0.72,0.699,0.778,0.617
65.19,18.076985478401184,0.5795287187039765,0.7759372275501307,0.41464928615766605,0.6243654822335025,0.7277147487844409,0.5515981735159817,0.9260869565217391,0.6926108374384237,0.839572192513369,0.7156276686592656,0.787,0.89,0.668,0.369,0.449,0.604,0.426,0.703,0.785,0.838
68.48,17.73973858356476,0.6118421052631579,0.7704485488126649,0.5016583747927031,0.6704980842911877,0.6941176470588235,0.564625850340136,0.8676056338028169,0.7403545359749739,0.7654986522911051,0.756975697569757,0.744,0.876,0.605,0.35,0.59,0.664,0.616,0.71,0.852,0.841
66.77,17.92155659198761,0.6308943089430894,0.5828746177370031,0.4294117647058823,0.68125,0.7627586206896552,0.6719512195121952,0.819557625145518,0.6611157368859284,0.9087248322147651,0.8838709677419355,0.776,0.953,0.657,0.327,0.553,0.551,0.704,0.794,0.677,0.685
64.56,18.133682131767273,0.5919117647058824,0.5415472779369628,0.4764521193092622,0.6698473282442748,0.6883408071748879,0.7014218009478673,0.7974683544303798,0.6115830115830115,0.8373101952277657,0.8909465020576132,0.805,0.945,0.607,0.351,0.614,0.444,0.693,0.792,0.772,0.433
61.92,18.394165635108948,0.541838134430727,0.46416546416546417,0.4762670957361223,0.6835106382978723,0.7459138187221397,0.6241970021413277,0.8333333333333334,0.6578707916287534,0.890795631825273,0.7837837837837838,0.79,0.965,0.592,0.257,0.502,0.583,0.6,0.723,0.571,0.609
69.29,17.661519765853882,0.6259370314842578,0.8572874493927125,0.5417040358744395,0.6160583941605839,0.6663452266152362,0.8028503562945368,0.8013172338090011,0.5527369826435247,0.8263473053892215,0.798810703666997,0.835,0.847,0.604,0.422,0.691,0.338,0.73,0.828,0.828,0.806
64.38,18.148987650871277,0.7202323330106486,0.8481141692150866,0.4031216361679225,0.4118016321406152,0.7397708674304418,0.5986913849509269,0.9444444444444444,0.8873015873015873,0.6918789808917197,0.9020689655172414,0.744,0.832,0.749,0.656,0.452,0.549,0.374,0.559,0.869,0.654
71.61,17.428319692611694,0.6340361445783133,0.9293413173652695,0.5994094488188977,0.6175349428208387,0.6813627254509018,0.6993939393939393,0.807733619763695,0.7108655616942909,0.8854166666666666,0.6781954887218045,0.842,0.776,0.609,0.486,0.68,0.577,0.752,0.772,0.765,0.902
70.98,17.49720859527588,0.7163601161665053,0.9241071428571429,0.5426880811496196,0.5617529880478087,0.5834031852472757,0.804920913884007,0.7871443624868283,0.7863046044864227,0.7130295763389288,0.8046511627906977,0.74,0.828,0.642,0.564,0.696,0.458,0.747,0.666,0.892,0.865
69.62,17.633832693099976,0.660958904109589,0.8886043533930857,0.704647676161919,0.5802879291251384,0.7008639308855291,0.7066831683168316,0.6839899413243923,0.7534791252485089,0.8063157894736842,0.5894868585732165,0.772,0.694,0.47,0.524,0.649,0.571,0.816,0.758,0.766,0.942
66.36,17.959091782569885,0.754079254079254,0.9207920792079208,0.6672354948805461,0.6054421768707483,0.5978784956605593,0.6979949874686717,0.4436990896023,0.7890011223344556,0.6964980544747081,0.7328370554177006,0.647,0.744,0.391,0.267,0.62,0.557,0.926,0.703,0.895,0.886
69.58,17.629340410232544,0.8042553191489362,0.9018691588785047,0.7481481481481481,0.6412884333821376,0.6442307692307693,0.6439688715953308,0.6868178001679262,0.6408450704225352,0.6216397849462365,0.7413937867338372,0.567,0.772,0.404,0.438,0.67,0.662,0.818,0.819,0.925,0.883
72.14,17.3809871673584,0.772823779193206,0.7493956486704271,0.5305084745762711,0.6320346320346321,0.7025316455696202,0.6239928379588182,0.8027571580063627,0.72330547818013,0.8539682539682539,0.8599562363238512,0.728,0.93,0.626,0.438,0.666,0.697,0.757,0.779,0.807,0.786
71.02,17.487098932266235,0.7604602510460251,0.8064806480648065,0.46164021164021163,0.5237651444547996,0.6871846619576185,0.73053152039555,0.737247353224254,0.8690807799442897,0.9,0.8428720083246618,0.727,0.896,0.698,0.562,0.681,0.591,0.766,0.624,0.747,0.81
66.94,17.888949394226074,0.8191933240611962,0.8984375,0.40317286652078776,0.6273830155979203,0.7895833333333333,0.6497844827586207,0.5822436338609773,0.8186157517899761,0.6577424023154848,0.8654060066740823,0.589,0.805,0.737,0.362,0.379,0.603,0.846,0.686,0.909,0.778
70.35,17.56148386001587,0.8037267080745342,0.8642350557244174,0.5033758439609902,0.5736607142857143,0.7733118971061094,0.6632882882882883,0.6908127208480566,0.7039413382218148,0.756138865368332,0.7859154929577464,0.647,0.853,0.671,0.514,0.481,0.589,0.782,0.768,0.893,0.837
70.73,17.526649713516235,0.8335535006605019,0.7579564489112228,0.5379188712522046,0.6211267605633802,0.6728971962616822,0.6252354048964218,0.6461880088823094,0.8400537634408602,0.8670886075949367,0.751099384344767,0.631,0.905,0.61,0.441,0.648,0.664,0.873,0.625,0.822,0.854
72.32,17.349658131599426,0.7674418604651163,0.8677932405566601,0.644918444165621,0.591025641025641,0.610032362459547,0.6097560975609756,0.8560700876095119,0.7537537537537538,0.762668918918919,0.7819004524886878,0.726,0.873,0.514,0.461,0.754,0.7,0.684,0.753,0.903,0.864
71.22,17.469297766685486,0.7200402819738168,0.8685831622176592,0.5859538784067087,0.5405660377358491,0.7815468113975577,0.7299077733860343,0.6792452830188679,0.8094144661308841,0.6920180722891566,0.7665158371040725,0.715,0.846,0.559,0.573,0.576,0.554,0.828,0.705,0.919,0.847
63.13,18.2814701795578,0.6040100250626567,0.9076023391812865,0.4189643577673167,0.6751412429378532,0.6396226415094339,0.7239512855209743,0.5087514585764294,0.8881239242685026,0.5603807257584771,0.8677494199535963,0.723,0.776,0.623,0.239,0.339,0.535,0.872,0.516,0.942,0.748
68.12,17.77985906600952,0.6381832178598922,0.8450704225352113,0.4845878136200717,0.6746031746031746,0.7813084112149533,0.5659777424483307,0.6663967611336032,0.8105263157894737,0.6939935064935064,0.8979057591623036,0.829,0.78,0.676,0.34,0.418,0.712,0.823,0.693,0.855,0.686
64.1,18.18019390106201,0.4857142857142857,0.7346938775510204,0.4754863813229572,0.7518518518518519,0.6658851113716295,0.7760314341846758,0.70018281535649,0.674928503336511,0.6510263929618768,0.8569230769230769,0.85,0.864,0.611,0.203,0.568,0.395,0.766,0.708,0.888,0.557
69.93,17.60241973400116,0.6870748299319728,0.8374384236453202,0.49575070821529743,0.7818696883852692,0.7798449612403101,0.5916594265855778,0.7146619841966637,0.7189605389797883,0.7271228359439407,0.8541423570595099,0.808,0.85,0.7,0.276,0.503,0.681,0.814,0.747,0.882,0.732
73.24,17.28103232383728,0.7587628865979381,0.8383177570093457,0.6411483253588517,0.5650887573964497,0.6783625730994152,0.6886574074074074,0.7234226447709594,0.775,0.8137347130761995,0.8125,0.736,0.897,0.536,0.573,0.696,0.595,0.837,0.744,0.865,0.845
71.56,17.434075117111206,0.723444976076555,0.8522504892367906,0.600635593220339,0.6883629191321499,0.6134316134316135,0.6374384236453202,0.8370986920332937,0.7246511627906976,0.7698343504795118,0.7193575655114116,0.756,0.871,0.567,0.349,0.749,0.647,0.704,0.779,0.883,0.851
70.82,17.518234610557556,0.7078341013824885,0.8155963302752294,0.5656465942744324,0.5235023041474655,0.7057591623036649,0.7596774193548387,0.9086892488954345,0.6838487972508591,0.7412353923205343,0.7542754275427542,0.768,0.889,0.573,0.568,0.674,0.471,0.617,0.796,0.888,0.838
71.46,17.453128933906555,0.8255372945638433,0.8757961783439491,0.6036519871106337,0.5499541704857929,0.5891530460624071,0.7347242921013413,0.8818998716302953,0.6933453237410072,0.7340339531123686,0.7763636363636364,0.653,0.825,0.562,0.6,0.793,0.493,0.687,0.771,0.908,0.854
71.1,17.48753297328949,0.7919143876337693,0.6695035460992907,0.72508038585209,0.5900692840646651,0.6928721174004193,0.7142857142857143,0.7669245647969052,0.6411411411411412,0.8046198267564967,0.7472118959107806,0.666,0.944,0.451,0.511,0.661,0.59,0.793,0.854,0.836,0.804
69.71,17.613701820373535,0.864957264957265,0.8093947606142728,0.5629791894852135,0.5881683731513083,0.5151890886546807,0.7238095238095238,0.7164048865619547,0.8520055325034578,0.7224919093851133,0.7949200376293509,0.506,0.896,0.514,0.517,0.831,0.532,0.821,0.616,0.893,0.845
72.47,17.351060390472412,0.8301204819277108,0.857421875,0.5687438180019783,0.5707019328585962,0.5714285714285714,0.7009925558312655,0.8235942668136714,0.7515527950310559,0.8670820353063343,0.7820284697508897,0.689,0.878,0.575,0.561,0.792,0.565,0.747,0.726,0.835,0.879
69.39,17.657291769981384,0.8327044025157233,0.6539528432732317,0.5922107674684994,0.6427378964941569,0.5765496639283048,0.6081081081081081,0.8502604166666666,0.6395730706075534,0.8503253796095445,0.8233404710920771,0.662,0.943,0.517,0.385,0.772,0.675,0.653,0.779,0.784,0.769
71.07,17.491175413131714,0.8344459279038718,0.8818737270875764,0.4562066792690611,0.7153558052434457,0.6348547717842323,0.6649590163934426,0.7026359143327842,0.7808807733619764,0.7475409836065574,0.8979833926453143,0.625,0.866,0.724,0.382,0.612,0.649,0.853,0.727,0.912,0.757
68.31,17.760380148887634,0.9182242990654206,0.896551724137931,0.5691699604743083,0.6243315508021391,0.5738498789346247,0.5372340425531915,0.6357516828721017,0.802158273381295,0.6727941176470589,0.8911729141475212,0.393,0.806,0.576,0.467,0.711,0.707,0.85,0.669,0.915,0.737
73.41,17.263563871383667,0.8039673278879813,0.8013937282229965,0.6630303030303031,0.6515775034293553,0.7244258872651357,0.6313834726090993,0.7420212765957447,0.6835128417564209,0.8039399624765479,0.8129353233830846,0.689,0.92,0.547,0.475,0.694,0.68,0.837,0.825,0.857,0.817
73.07,17.29451549053192,0.7142857142857143,0.800524934383202,0.7454242928452579,0.7434944237918215,0.7082494969818913,0.5561338289962825,0.7110552763819096,0.7230046948356808,0.9109026963657679,0.7841530054644809,0.835,0.915,0.448,0.4,0.704,0.748,0.849,0.77,0.777,0.861
70.79,17.510849237442017,0.6691056910569105,0.8017937219730942,0.5068285280728376,0.670926517571885,0.6632366697848456,0.6228406909788867,0.7349624060150376,0.7188715953307393,0.9213759213759214,0.9293948126801153,0.823,0.894,0.668,0.42,0.709,0.649,0.782,0.739,0.75,0.645
73.27,17.264752864837646,0.7521951219512195,0.8659594985535197,0.5096870342771982,0.6701708278580815,0.7525510204081632,0.7264631043256997,0.6979757085020243,0.7221206581352834,0.8917410714285714,0.8192307692307692,0.771,0.898,0.684,0.51,0.59,0.571,0.862,0.79,0.799,0.852
73.38,17.26458251476288,0.7610619469026548,0.9182242990654206,0.6666666666666666,0.6278145695364239,0.7249466950959488,0.658252427184466,0.7437722419928826,0.6872881355932203,0.8248803827751197,0.7192156862745098,0.774,0.786,0.52,0.474,0.68,0.678,0.836,0.811,0.862,0.917
72.1,17.38948345184326,0.7373637264618434,0.8595927116827439,0.6826029216467463,0.6070991432068543,0.7563025210084033,0.6111111111111112,0.7310155535224153,0.8122866894197952,0.745819397993311,0.6853932584269663,0.744,0.802,0.514,0.496,0.63,0.704,0.799,0.714,0.892,0.915
73.22,17.27150297164917,0.7141535615171137,0.8885416666666667,0.584299732381802,0.6217494089834515,0.7417061611374408,0.590983606557377,0.8060165975103735,0.7574304889741131,0.9329896907216495,0.7668122270742358,0.772,0.853,0.655,0.526,0.626,0.721,0.777,0.79,0.724,0.878
73.59,17.230292320251465,0.6993067590987868,0.8089887640449438,0.6710353866317169,0.5831663326653307,0.6405451448040886,0.6589371980676328,0.8003972194637538,0.8331257783312578,0.8947368421052632,0.8045540796963947,0.807,0.936,0.512,0.582,0.752,0.682,0.806,0.669,0.765,0.848
69.4,17.648537397384644,0.7037366548042705,0.7829391891891891,0.5055514433752776,0.6315028901734104,0.7047058823529412,0.48707482993197276,0.7207446808510638,0.8542568542568543,0.9254327563249002,0.9075297225891678,0.791,0.927,0.683,0.437,0.599,0.716,0.813,0.592,0.695,0.687
72.76,17.325338006019592,0.6473247927656368,0.8455743879472694,0.6319444444444444,0.6462882096069869,0.6942482341069627,0.5994940978077572,0.8012295081967213,0.6943462897526502,0.9104477611940298,0.854788877445932,0.859,0.898,0.546,0.444,0.688,0.711,0.782,0.786,0.732,0.83
72.82,17.316970586776733,0.6272530641672674,0.8204895738893926,0.6600234466588512,0.5666347075743049,0.6867119301648884,0.6469465648854962,0.7216856892010536,0.8277404921700223,0.958904109589041,0.9132124352331606,0.87,0.905,0.563,0.591,0.708,0.678,0.822,0.74,0.7,0.705
70.29,17.563644289970398,0.5597931480284422,0.7278382581648523,0.6714285714285714,0.5469924812030075,0.6455357142857143,0.8028169014084507,0.6984387838948234,0.831764705882353,0.8448979591836735,0.9146706586826348,0.866,0.936,0.47,0.582,0.723,0.456,0.85,0.707,0.828,0.611
72.6,17.325641989707947,0.5957018132975151,0.890738813735692,0.6929347826086957,0.5128805620608899,0.6634103019538188,0.7931034482758621,0.8401360544217688,0.7782258064516129,0.8460743801652892,0.8233502538071066,0.887,0.856,0.51,0.657,0.747,0.46,0.741,0.772,0.819,0.811
72.13,17.380741119384766,0.5895875591615957,0.7842149454240135,0.6903137789904502,0.48330804248861914,0.7387096774193549,0.6982035928143713,0.8442622950819673,0.8088397790055248,0.8620331950207469,0.8975979772439949,0.872,0.934,0.506,0.637,0.687,0.583,0.721,0.732,0.831,0.71
70.15,17.582982301712036,0.5520898315658141,0.8195970695970696,0.6112886048988285,0.6500777604976672,0.8497109826589595,0.5331432644333571,0.8015521064301552,0.7168059424326834,0.8333333333333334,0.8818615751789977,0.885,0.895,0.574,0.418,0.441,0.748,0.723,0.772,0.82,0.739
72.87,17.313090801239014,0.5816993464052288,0.8606237816764133,0.6431767337807607,0.6279949558638083,0.8112676056338028,0.5784,0.7894201424211598,0.8012752391073327,0.8470948012232415,0.875560538116592,0.89,0.883,0.575,0.498,0.576,0.723,0.776,0.754,0.831,0.781
73.44,17.25103533267975,0.5864318330071755,0.8553758325404377,0.6767922235722965,0.6196531791907515,0.81353591160221,0.6059829059829059,0.7819623389494549,0.7531461761858664,0.8730325288562435,0.901072705601907,0.899,0.899,0.557,0.536,0.589,0.709,0.789,0.778,0.832,0.756
71.06,17.488166451454163,0.7891770011273957,0.9368029739776952,0.623059866962306,0.5606694560669456,0.5239596469104666,0.6883821932681867,0.8327444051825678,0.8730606488011283,0.6759124087591241,0.824284304047384,0.7,0.756,0.562,0.536,0.831,0.634,0.707,0.619,0.926,0.835
74.19,17.17949116230011,0.8096846846846847,0.8660098522167488,0.6566626650660264,0.6948640483383686,0.6114503816793894,0.6395793499043977,0.755877034358047,0.7341197822141561,0.8375984251968503,0.8297455968688845,0.719,0.879,0.547,0.46,0.801,0.669,0.836,0.809,0.851,0.848
74.19,17.180516958236694,0.7313707451701932,0.8992416034669556,0.589237668161435,0.6613333333333333,0.7079303675048356,0.6649949849548646,0.8651428571428571,0.7870370370370371,0.7890334572490706,0.7472245943637916,0.795,0.83,0.657,0.496,0.732,0.663,0.757,0.765,0.849,0.875
73.63,17.239896774291992,0.8166465621230398,0.7891156462585034,0.6639629200463499,0.6515775034293553,0.7086294416243655,0.6488095238095238,0.768609865470852,0.7431539187913125,0.7575757575757576,0.7755834829443446,0.677,0.928,0.573,0.475,0.698,0.654,0.857,0.787,0.85,0.864
74.5,17.143868923187256,0.8203592814371258,0.8885511651469098,0.5982062780269058,0.6582446808510638,0.7017892644135189,0.715962441314554,0.7567567567567568,0.7570731707317073,0.7215686274509804,0.8409542743538767,0.685,0.877,0.667,0.495,0.706,0.61,0.868,0.776,0.92,0.846
74.8,17.11962580680847,0.7863682604272635,0.891726251276813,0.7166666666666667,0.6245954692556634,0.696,0.6467757459095284,0.7409691629955947,0.7085862966175195,0.8432327166504382,0.8113035551504102,0.773,0.873,0.473,0.579,0.696,0.672,0.841,0.817,0.866,0.89
74.91,17.112311124801636,0.787321063394683,0.8928571428571429,0.6471861471861472,0.5627240143369175,0.7712574850299401,0.7137891077636153,0.662704309063893,0.8085327783558793,0.8709016393442623,0.8255481410867492,0.77,0.85,0.598,0.628,0.644,0.616,0.892,0.777,0.85,0.866
74.51,17.1536386013031,0.7018272425249169,0.8510436432637571,0.6021194605009634,0.5959183673469388,0.699009900990099,0.7253012048192771,0.71033360455655,0.8602941176470589,0.84765625,0.9190184049079755,0.845,0.897,0.625,0.584,0.706,0.602,0.873,0.702,0.868,0.749
73.65,17.238036274909973,0.6745707277187244,0.8774509803921569,0.545897644191714,0.6353522867737948,0.6648745519713262,0.7647058823529411,0.7129783693843594,0.8066875653082549,0.92496765847348,0.8659685863874346,0.825,0.895,0.672,0.514,0.742,0.546,0.857,0.772,0.715,0.827
74.15,17.190443992614746,0.799140708915145,0.893467336683417,0.6374722838137472,0.6338729763387297,0.5771388499298737,0.7287543655413271,0.6364922206506365,0.8855263157894737,0.8579940417080437,0.8992248062015504,0.744,0.889,0.575,0.509,0.823,0.626,0.9,0.673,0.864,0.812
70.9,17.513527870178223,0.7966101694915254,0.7605177993527508,0.48915325402379284,0.6951612903225807,0.7589388696655133,0.7141041931385006,0.6580350342726581,0.9030470914127424,0.6673976608187134,0.8569711538461539,0.658,0.94,0.699,0.431,0.658,0.562,0.864,0.652,0.913,0.713
73.27,17.27225136756897,0.7237354085603113,0.8342541436464088,0.6395089285714286,0.6681034482758621,0.6532534246575342,0.697339246119734,0.6979757085020243,0.9046321525885559,0.6986196319018405,0.8517350157728707,0.744,0.906,0.573,0.465,0.763,0.629,0.862,0.664,0.911,0.81
72.7,17.33102834224701,0.7256038647342995,0.8024158757549612,0.5996055226824457,0.7045454545454546,0.8005427408412483,0.57398753894081,0.6889952153110048,0.8727034120734908,0.7408906882591093,0.8662790697674418,0.751,0.93,0.608,0.465,0.59,0.737,0.864,0.665,0.915,0.745
72.96,17.28434419631958,0.7195914577530177,0.7637540453074434,0.609805924412666,0.7175572519083969,0.7946084724005135,0.5887622149837134,0.6694277108433735,0.8807339449541285,0.7793223284100782,0.8830845771144279,0.775,0.944,0.597,0.47,0.619,0.723,0.889,0.672,0.897,0.71
76.47,16.95638632774353,0.7647058823529411,0.8523985239852399,0.6709154113557358,0.6666666666666666,0.7461300309597523,0.6587901701323251,0.7584670231729055,0.790720631786772,0.8677517802644964,0.8422619047619048,0.806,0.924,0.579,0.564,0.723,0.697,0.851,0.801,0.853,0.849
76.58,16.927477478981018,0.76981852913085,0.8674242424242424,0.6733254994124559,0.6512935883014623,0.7144212523719166,0.6871794871794872,0.7432784041630529,0.7948463825569871,0.876278118609407,0.8552631578947368,0.806,0.916,0.573,0.579,0.753,0.67,0.857,0.802,0.857,0.845
76.95,16.89628267288208,0.76109537299339,0.8900990099009901,0.6391437308868502,0.6643437862950058,0.7129455909943715,0.7169197396963124,0.7902764537654909,0.7560975609756098,0.8732251521298174,0.8790406673618353,0.806,0.899,0.627,0.572,0.76,0.661,0.829,0.837,0.861,0.843
76.93,16.899641275405884,0.7617702448210922,0.8776493256262042,0.6396303901437371,0.6519823788546255,0.70817843866171,0.7346938775510204,0.7546666666666667,0.7902439024390244,0.8898216159496327,0.8787878787878788,0.809,0.911,0.623,0.592,0.762,0.648,0.849,0.81,0.848,0.841
77.47,16.8606196641922,0.7807692307692308,0.8712121212121212,0.6684901531728665,0.6611111111111111,0.725790987535954,0.6768642447418738,0.7815668202764977,0.8121775025799793,0.8900308324768756,0.8655030800821355,0.812,0.92,0.611,0.595,0.757,0.708,0.848,0.787,0.866,0.843
74.1,17.1895112991333,0.697754749568221,0.917686318131257,0.7485119047619048,0.6472019464720195,0.6541484716157205,0.6990394877267876,0.7445652173913043,0.6790322580645162,0.8248315688161694,0.8302845528455285,0.808,0.825,0.503,0.532,0.749,0.655,0.822,0.842,0.857,0.817
75.42,17.04906177520752,0.7180156657963447,0.8813229571984436,0.7125827814569536,0.6818181818181818,0.680594243268338,0.6586538461538461,0.7321274763135228,0.7185056472632494,0.9100112485939258,0.8612244897959184,0.825,0.906,0.538,0.525,0.733,0.685,0.85,0.827,0.809,0.844
76.43,16.95644760131836,0.7454545454545455,0.8943170488534397,0.7324503311258278,0.6596452328159645,0.7061105722599418,0.6924664602683178,0.7420494699646644,0.7136824324324325,0.9099890230515917,0.8538993089832182,0.82,0.897,0.553,0.595,0.728,0.671,0.84,0.845,0.829,0.865
76.76,16.919806241989136,0.756007393715342,0.8991935483870968,0.7120098039215687,0.6740395809080326,0.7241035856573705,0.694129763130793,0.749113475177305,0.7238421955403087,0.8995680345572354,0.8361742424242424,0.818,0.892,0.581,0.579,0.727,0.674,0.845,0.844,0.833,0.883
72.97,17.293241381645203,0.7596525096525096,0.8067590987868284,0.5797101449275363,0.5772994129158513,0.6956967213114754,0.7604871447902571,0.6025991792065664,0.8554070473876063,0.930778739184178,0.9057071960297767,0.787,0.931,0.68,0.59,0.679,0.562,0.881,0.704,0.753,0.73
75.36,17.05596113204956,0.7488457987072945,0.8766990291262136,0.5940860215053764,0.6056475170399221,0.6638078902229846,0.7746666666666666,0.7233676975945017,0.8186753528773073,0.9275534441805225,0.8934517203107658,0.811,0.903,0.663,0.622,0.774,0.581,0.842,0.754,0.781,0.805
76.68,16.929992198944092,0.7590361445783133,0.8921568627450981,0.606140350877193,0.63579604578564,0.7146946564885496,0.7771812080536913,0.7524575513851653,0.7983706720977597,0.8894736842105263,0.8765690376569037,0.819,0.91,0.691,0.611,0.749,0.579,0.842,0.784,0.845,0.838
76.82,16.921555757522583,0.7611374407582938,0.9091826437941474,0.615948670944088,0.6291793313069909,0.7109448082319925,0.7961432506887053,0.763901549680948,0.7747408105560791,0.898068669527897,0.8577194752774975,0.803,0.901,0.672,0.621,0.76,0.578,0.838,0.822,0.837,0.85
75.71,17.037006855010986,0.748653500897666,0.8966565349544073,0.6670467502850627,0.5566188197767146,0.7053481331987891,0.7792732166890982,0.7115384615384616,0.8447276940903824,0.839541547277937,0.896551724137931,0.834,0.885,0.585,0.698,0.699,0.579,0.851,0.729,0.879,0.832
74.42,17.1567245721817,0.7772373540856031,0.8013876843018214,0.6448497854077253,0.6227979274611399,0.6005895357406043,0.675730110775428,0.760989010989011,0.9063829787234042,0.8493557978196233,0.9190600522193212,0.799,0.924,0.601,0.601,0.815,0.671,0.831,0.639,0.857,0.704
75.31,17.06586241722107,0.7688634192932188,0.8101811906816221,0.6564277588168373,0.5581589958158996,0.7096456692913385,0.7239766081871345,0.7393992932862191,0.8522727272727273,0.8964757709251101,0.8632938643702907,0.805,0.939,0.577,0.667,0.721,0.619,0.837,0.75,0.814,0.802
75.77,17.025500535964966,0.7639405204460966,0.800339847068819,0.6793802145411204,0.5703192407247627,0.7155339805825243,0.702355460385439,0.78055822906641,0.8360477741585234,0.9097142857142857,0.8547368421052631,0.822,0.942,0.57,0.661,0.737,0.656,0.811,0.77,0.796,0.812
75.82,17.014447689056396,0.76269621421976,0.8284444444444444,0.6615384615384615,0.5394839718530101,0.7453416149068323,0.7175208581644815,0.7956564659427443,0.8561643835616438,0.9128440366972477,0.8273866923818708,0.826,0.932,0.602,0.69,0.72,0.602,0.806,0.75,0.796,0.858
75.89,16.99606680870056,0.7705382436260623,0.8431018935978359,0.6910866910866911,0.5325757575757576,0.745850622406639,0.697339246119734,0.7859922178988327,0.8653395784543325,0.9018952062430323,0.825381679389313,0.816,0.935,0.566,0.703,0.719,0.629,0.808,0.739,0.809,0.865
75.84,17.010717034339905,0.7666034155597723,0.8378623188405797,0.6555075593952484,0.6083418107833164,0.6764444444444444,0.6775510204081633,0.8461538461538461,0.8463302752293578,0.8520357497517378,0.8231939163498099,0.808,0.925,0.607,0.598,0.761,0.664,0.759,0.738,0.858,0.866
74.55,17.14092266559601,0.7243755383290267,0.8287243532560215,0.6782006920415224,0.4968814968814969,0.764218009478673,0.6968973747016707,0.8044806517311609,0.860774818401937,0.8583247156153051,0.8622502628811777,0.841,0.929,0.588,0.717,0.645,0.584,0.79,0.711,0.83,0.82
74.91,17.096720933914185,0.7785433070866141,0.8692748091603053,0.6856465005931198,0.47942521227955587,0.7372505543237251,0.7116336633663366,0.803960396039604,0.864406779661017,0.8416912487708947,0.8558558558558559,0.791,0.911,0.578,0.734,0.665,0.575,0.812,0.714,0.856,0.855
75.03,17.093366384506226,0.7731256085686465,0.8568755846585594,0.6696629213483146,0.5053995680345572,0.7191574724172518,0.7202970297029703,0.8286026200873362,0.8656174334140436,0.8174077578051088,0.8403525954946132,0.794,0.916,0.596,0.702,0.717,0.582,0.759,0.715,0.864,0.858
75.4,17.061704993247986,0.7865731462925851,0.8852941176470588,0.6966426858513189,0.4935940660822657,0.7331975560081466,0.7465753424657534,0.8365800865800865,0.8440366972477065,0.8095676172953082,0.8271028037383178,0.785,0.903,0.581,0.732,0.72,0.545,0.773,0.736,0.88,0.885
75.72,17.02543866634369,0.7701149425287356,0.8882294757665677,0.7085427135678392,0.5067043048694425,0.7534833869239014,0.7258261933904528,0.8256784968684759,0.8507462686567164,0.8360814742967992,0.8003565062388592,0.804,0.898,0.564,0.718,0.703,0.593,0.791,0.741,0.862,0.898
76.14,16.984787464141846,0.7921686746987951,0.8895463510848126,0.7097170971709718,0.5083565459610028,0.7529286474973376,0.7157894736842105,0.8305263157894737,0.852233676975945,0.8434782608695652,0.8181818181818182,0.789,0.902,0.577,0.73,0.707,0.612,0.789,0.744,0.873,0.891
76.23,16.97092092037201,0.7939698492462312,0.9166666666666666,0.6232427366447985,0.6393805309734514,0.7214428857715431,0.7102085620197585,0.7375215146299484,0.8713592233009708,0.8100358422939068,0.8150873965041399,0.79,0.858,0.665,0.578,0.72,0.647,0.857,0.718,0.904,0.886
75.75,17.025001764297485,0.7570356472795498,0.901840490797546,0.6235078053259872,0.6324324324324324,0.7243186582809225,0.6851664984863775,0.738488271068636,0.8640296662546354,0.7864674868189807,0.8987764182424917,0.807,0.882,0.679,0.585,0.691,0.679,0.85,0.699,0.895,0.808
76.25,16.97102463245392,0.7416225749559083,0.8966202783300199,0.6674182638105975,0.674934725848564,0.6626297577854672,0.694672131147541,0.7280477408354646,0.861664712778429,0.821330902461258,0.8813025210084033,0.841,0.902,0.592,0.517,0.766,0.678,0.854,0.735,0.901,0.839
74.88,17.11199390888214,0.7546816479400749,0.8313582497721057,0.6816479400749064,0.7272727272727273,0.6437246963562753,0.6666666666666666,0.7444933920704846,0.8919288645690835,0.8367924528301887,0.7438507209499576,0.806,0.912,0.546,0.464,0.795,0.704,0.845,0.652,0.887,0.877
75.9,17.00706171989441,0.7632075471698113,0.842346471127406,0.6927710843373494,0.704323570432357,0.6804680468046804,0.6338983050847458,0.7653985507246377,0.9001331557922769,0.842355175688509,0.7887579329102448,0.809,0.919,0.575,0.505,0.756,0.748,0.845,0.676,0.887,0.87
76.28,16.970389366149902,0.7632075471698113,0.8457987072945522,0.6815578465063001,0.7228017883755589,0.6661045531197302,0.6501766784452296,0.783349101229896,0.8822800495662949,0.872255489021956,0.7821080602302923,0.809,0.916,0.595,0.485,0.79,0.736,0.828,0.712,0.874,0.883
76.81,16.921880960464478,0.7638238050609185,0.8501387604070305,0.7010804321728692,0.713103448275862,0.6691919191919192,0.6780952380952381,0.766397124887691,0.8746987951807229,0.8634146341463415,0.8042279411764706,0.815,0.919,0.584,0.517,0.795,0.712,0.853,0.726,0.885,0.875
77.07,16.88519024848938,0.7993890020366599,0.8582089552238806,0.7194968553459119,0.6566998892580288,0.663358147229115,0.6850393700787402,0.7969494756911344,0.8653395784543325,0.8372310570626754,0.8268315889628924,0.785,0.92,0.572,0.593,0.802,0.696,0.836,0.739,0.895,0.869
77.94,16.808070302009583,0.7826904985888994,0.8764367816091954,0.6941309255079007,0.6685393258426966,0.7173308619091752,0.7174603174603175,0.7551546391752577,0.8594285714285714,0.8503336510962822,0.8577114427860697,0.832,0.915,0.615,0.595,0.774,0.678,0.879,0.752,0.892,0.862
77.83,16.81537687778473,0.7820392890551918,0.8905180840664711,0.7204819277108434,0.6791314837153196,0.7100646352723915,0.7008032128514057,0.724979658258747,0.8536036036036037,0.8550863723608445,0.8585558852621167,0.836,0.911,0.598,0.563,0.769,0.698,0.891,0.758,0.891,0.868
77.75,16.810099720954895,0.7814569536423841,0.8987090367428004,0.7172897196261683,0.6897856242118537,0.723342939481268,0.6704014939309056,0.7276456111566858,0.8465783664459161,0.8581081081081081,0.8570019723865878,0.826,0.905,0.614,0.547,0.753,0.718,0.887,0.767,0.889,0.869
78.26,16.776881217956543,0.7869318181818182,0.8847262247838616,0.7139479905437353,0.6856106408706167,0.716636197440585,0.6703806870937791,0.7853211009174312,0.8207253886010363,0.8710629921259843,0.8744939271255061,0.831,0.921,0.604,0.567,0.784,0.722,0.856,0.792,0.885,0.864
78.02,16.793601632118225,0.7800559179869525,0.8869395711500975,0.6846747519294377,0.7112299465240641,0.7251184834123223,0.6779661016949152,0.7413937867338372,0.8390191897654584,0.880641925777332,0.8664007976071785,0.837,0.91,0.621,0.532,0.765,0.72,0.883,0.787,0.878,0.869
78.04,16.797139883041382,0.7789275634995296,0.890748031496063,0.6843817787418656,0.7007874015748031,0.7352085354025218,0.6945525291828794,0.7466329966329966,0.8418803418803419,0.8624390243902439,0.8503401360544217,0.828,0.905,0.631,0.534,0.758,0.714,0.887,0.788,0.884,0.875
78.25,16.78181529045105,0.7811607992388202,0.8916015625,0.6822529224229543,0.6854741896758704,0.7044642857142858,0.7162022703818369,0.759515570934256,0.8546059933407325,0.8746268656716418,0.868,0.821,0.913,0.642,0.571,0.789,0.694,0.878,0.77,0.879,0.868
78.04,16.795332074165344,0.7954990215264188,0.8867376573088093,0.673469387755102,0.6938775510204082,0.6927083333333334,0.7096774193548387,0.7491525423728813,0.8472527472527472,0.8738916256157635,0.8766564729867482,0.813,0.916,0.627,0.544,0.798,0.704,0.884,0.771,0.887,0.86
78.2,16.77992606163025,0.7887049659201558,0.8966535433070866,0.6787620064034151,0.6880093131548312,0.7022222222222222,0.7007952286282306,0.76,0.8683602771362586,0.8836032388663968,0.8557504873294347,0.81,0.911,0.636,0.591,0.79,0.705,0.874,0.752,0.873,0.878
78.41,16.763702630996704,0.7763157894736842,0.9017857142857143,0.6649590163934426,0.7063291139240506,0.7051509769094139,0.6959921798631477,0.7776785714285714,0.8558758314855875,0.8882113821138211,0.8699106256206555,0.826,0.909,0.649,0.558,0.794,0.712,0.871,0.772,0.874,0.876
78.64,16.741557955741882,0.7917068466730954,0.8978388998035364,0.6749740394600208,0.6893317702227433,0.7228915662650602,0.7007007007007007,0.7867513611615246,0.8336864406779662,0.887991927346115,0.8648915187376726,0.821,0.914,0.65,0.588,0.78,0.7,0.867,0.787,0.88,0.877
76.36,16.97269594669342,0.8178053830227743,0.8339285714285715,0.632768361581921,0.7047184170471842,0.6871218668971478,0.682261208576998,0.6830932524639879,0.8495475113122172,0.8694779116465864,0.939729397293973,0.79,0.934,0.672,0.463,0.795,0.7,0.901,0.751,0.866,0.764
77.22,16.865384340286255,0.7946161515453639,0.8819577735124761,0.6495557749259625,0.6888297872340425,0.7050359712230215,0.7138297872340426,0.7014925373134329,0.8273684210526315,0.8615984405458089,0.9133858267716536,0.797,0.919,0.658,0.518,0.784,0.671,0.893,0.786,0.884,0.812
77.72,16.831164836883545,0.7966601178781926,0.8931372549019608,0.6715025906735751,0.6670493685419059,0.7035398230088495,0.7409502262443439,0.7088607594936709,0.8265524625267666,0.8553758325404377,0.9316338354577057,0.811,0.911,0.648,0.581,0.795,0.655,0.896,0.772,0.899,0.804
77.88,16.81359577178955,0.8054162487462387,0.9091836734693878,0.6305147058823529,0.6907090464547677,0.7113122171945702,0.7295528898582334,0.7502153316106804,0.8034102306920762,0.8599033816425121,0.9157427937915743,0.803,0.891,0.686,0.565,0.786,0.669,0.871,0.801,0.89,0.826
78.44,16.763803124427795,0.7758139534883721,0.9027777777777778,0.6459923664122137,0.6884057971014492,0.7388414055080722,0.7302275189599133,0.7735849056603774,0.8240740740740741,0.8675754625121713,0.8898216159496327,0.834,0.91,0.677,0.57,0.778,0.674,0.861,0.801,0.891,0.848
78.36,16.773447513580322,0.7714808043875686,0.9063745019920318,0.7196702002355713,0.6605206073752712,0.7224299065420561,0.7480136208853575,0.7424496644295302,0.8398268398268398,0.833029197080292,0.8842975206611571,0.844,0.91,0.611,0.609,0.773,0.659,0.885,0.776,0.913,0.856
76.64,16.940277934074402,0.7475292003593891,0.9410430839002267,0.7558620689655172,0.7071823204419889,0.7587628865979381,0.6845637583892618,0.713128038897893,0.8109504132231405,0.782312925170068,0.7785407725321889,0.832,0.83,0.548,0.512,0.736,0.714,0.88,0.785,0.92,0.907
77.3,16.869763135910034,0.7416225749559083,0.9225053078556263,0.7472972972972973,0.7072192513368984,0.7352657004830918,0.6931372549019608,0.7392040643522438,0.8228511530398323,0.8096085409252669,0.803921568627451,0.841,0.869,0.553,0.529,0.761,0.707,0.873,0.785,0.91,0.902
77.36,16.854424953460693,0.7325881341358556,0.9132706374085684,0.7362204724409449,0.7061170212765957,0.7405247813411079,0.6793893129770993,0.7749313815187557,0.8154639175257732,0.8103294746215495,0.8123300090661831,0.852,0.874,0.561,0.531,0.762,0.712,0.847,0.791,0.91,0.896
74.85,17.103006601333618,0.6771589991928975,0.7775020678246485,0.7586726998491704,0.6980273141122914,0.7351778656126482,0.7511961722488039,0.7099748533109808,0.8109820485744457,0.75,0.8226120857699805,0.839,0.94,0.503,0.46,0.744,0.628,0.847,0.768,0.912,0.844
75.55,17.04461443424225,0.6763285024154589,0.8273381294964028,0.7524893314366998,0.6985507246376812,0.7449596774193549,0.7602409638554217,0.7039740470397404,0.8468468468468469,0.7526530612244898,0.8036866359447005,0.84,0.92,0.529,0.482,0.739,0.631,0.868,0.752,0.922,0.872
77.31,16.872864723205566,0.7773549000951475,0.8634237605238541,0.7153465346534653,0.6851385390428212,0.7358674463937622,0.7088082901554404,0.6870229007633588,0.8329764453961456,0.8370786516853933,0.88,0.817,0.923,0.578,0.544,0.755,0.684,0.9,0.778,0.894,0.858
77.63,16.83657145500183,0.7865384615384615,0.874409820585458,0.726027397260274,0.6588366890380313,0.7512639029322548,0.6880552813425469,0.7007069913589945,0.8376623376623377,0.8456439393939394,0.8935721812434141,0.818,0.926,0.583,0.589,0.743,0.697,0.892,0.774,0.893,0.848
77.95,16.802722573280334,0.8019512195121952,0.8873917228103946,0.7167070217917676,0.6418219461697723,0.734313725490196,0.7334801762114538,0.6933229813664596,0.8274058577405857,0.8738828202581926,0.8911917098445595,0.822,0.922,0.592,0.62,0.749,0.666,0.893,0.791,0.88,0.86
78.25,16.772695899009705,0.7696526508226691,0.87774594078319,0.7134570765661253,0.6894923258559622,0.7458937198067633,0.7058212058212058,0.7434377646062659,0.8338658146964856,0.8411214953271028,0.885773624091381,0.842,0.919,0.615,0.584,0.772,0.679,0.878,0.783,0.9,0.853
78.29,16.7693510055542,0.7683923705722071,0.8783269961977186,0.7141216991963261,0.6906474820143885,0.7595066803699897,0.7019328585961343,0.7480785653287788,0.822429906542056,0.8431924882629108,0.8774062816616008,0.846,0.924,0.622,0.576,0.739,0.69,0.876,0.792,0.898,0.866
78.27,16.765637516975403,0.7614761476147615,0.8854667949951877,0.7226190476190476,0.6898203592814371,0.7568947906026557,0.6926108374384237,0.7502138579982891,0.8234683281412254,0.8557692307692307,0.8662041625371655,0.846,0.92,0.607,0.576,0.741,0.703,0.877,0.793,0.89,0.874
78.57,16.750279784202576,0.778393351800554,0.8965853658536586,0.7083333333333334,0.6993788819875777,0.7609359104781281,0.675,0.7586805555555556,0.8277661795407099,0.8541468064823642,0.8833162743091095,0.843,0.919,0.629,0.563,0.748,0.729,0.874,0.793,0.896,0.863
78.58,16.73626673221588,0.7882241215574549,0.8866474543707973,0.7172897196261683,0.6704288939051919,0.7429406037000974,0.6994106090373281,0.7655838454784899,0.8342077649527807,0.8362465501379944,0.9,0.83,0.923,0.614,0.594,0.763,0.712,0.872,0.795,0.909,0.846
78.79,16.722623348236084,0.7942307692307692,0.8898550724637682,0.6898803046789989,0.685290763968073,0.7291280148423006,0.7380434782608696,0.7741071428571429,0.8145896656534954,0.8476635514018691,0.8951781970649895,0.826,0.921,0.634,0.601,0.786,0.679,0.867,0.804,0.907,0.854
78.71,16.732086181640625,0.8003875968992248,0.875,0.677319587628866,0.6759156492785794,0.7376573088092934,0.7264248704663212,0.7648601398601399,0.8476605005440696,0.8537284894837476,0.9049676025917927,0.826,0.931,0.657,0.609,0.762,0.701,0.875,0.779,0.893,0.838
78.76,16.727123498916626,0.8023369036027264,0.8802281368821293,0.6729758149316509,0.6856492027334852,0.7261682242990655,0.7360515021459227,0.7691629955947137,0.8375527426160337,0.8556405353728489,0.8938605619146722,0.824,0.926,0.64,0.602,0.777,0.686,0.873,0.794,0.895,0.859
78.8,16.727505922317505,0.8048780487804879,0.8807251908396947,0.6563106796116505,0.68140589569161,0.7366412213740458,0.7319915254237288,0.7831978319783198,0.8581005586592179,0.8437209302325581,0.8985200845665962,0.825,0.923,0.676,0.601,0.772,0.691,0.867,0.768,0.907,0.85
78.53,16.746424078941345,0.7868696479543292,0.8819047619047619,0.6597836774827925,0.6681367144432194,0.7412109375,0.7406181015452539,0.7853260869565217,0.8491189427312775,0.8328767123287671,0.8987206823027718,0.827,0.926,0.671,0.606,0.759,0.671,0.867,0.771,0.912,0.843
78.79,16.720993757247925,0.7858490566037736,0.8938656280428432,0.6703741152679474,0.6921269095182139,0.7344794651384909,0.7243186582809225,0.7842960288808665,0.8315789473684211,0.8537511870845205,0.8928199791883454,0.833,0.918,0.663,0.589,0.769,0.691,0.869,0.79,0.899,0.858
78.99,16.709165453910828,0.781630740393627,0.8951456310679612,0.6758409785932722,0.6934557979334098,0.7269338303821062,0.7292110874200426,0.8134615384615385,0.8189216683621566,0.8574162679425837,0.8899176954732511,0.834,0.922,0.663,0.604,0.78,0.684,0.846,0.805,0.896,0.865
78.9,16.717563271522522,0.7755289788408464,0.8831417624521073,0.6748717948717948,0.6743169398907104,0.7277829747427502,0.7450331125827815,0.7998146431881371,0.8342077649527807,0.8583815028901735,0.9079229122055674,0.843,0.922,0.658,0.617,0.778,0.675,0.863,0.795,0.891,0.848
78.91,16.71591305732727,0.7688808007279345,0.8895348837209303,0.6679960119641076,0.6781354051054383,0.7400379506641366,0.7423245614035088,0.7955390334572491,0.8450704225352113,0.8545627376425855,0.9018987341772152,0.845,0.918,0.67,0.611,0.78,0.677,0.856,0.78,0.899,0.855
78.79,16.725178956985474,0.7826904985888994,0.8877159309021113,0.6676646706586826,0.6847457627118644,0.7356870229007634,0.743139407244786,0.7606244579358196,0.8541436464088398,0.8537511870845205,0.906183368869936,0.832,0.925,0.669,0.606,0.771,0.677,0.877,0.773,0.899,0.85
78.9,16.716169714927673,0.7786046511627907,0.8911368015414258,0.670020120724346,0.6799557032115172,0.735632183908046,0.7368421052631579,0.7780748663101604,0.8530386740331491,0.8574162679425837,0.9045599151643691,0.837,0.925,0.666,0.614,0.768,0.686,0.873,0.772,0.896,0.853
78.94,16.714298844337463,0.7763401109057301,0.8912415784408084,0.6640316205533597,0.6984687868080094,0.7321428571428571,0.7307286166842661,0.7841011743450768,0.8524229074889867,0.8567307692307692,0.9023109243697479,0.84,0.926,0.672,0.593,0.779,0.692,0.868,0.774,0.891,0.859
